Pokedex Number,Name,Types,Generation,Region,Previous Evolution,Evolution
1,Bulbasaur,"Grass, Poison",Generation-i,Kanto,Bulbasaur,"Ivysaur, Venusaur"
2,Ivysaur,"Grass, Poison",Generation-i,Kanto,Bulbasaur,"Ivysaur, Venusaur"
3,Venusaur,"Grass, Poison",Generation-i,Kanto,Bulbasaur,"Ivysaur, Venusaur"
4,Charmander,Fire,Generation-i,Kanto,Charmander,"Charmeleon, Charizard"
5,Charmeleon,Fire,Generation-i,Kanto,Charmander,"Charmeleon, Charizard"
6,Charizard,"Fire, Flying",Generation-i,Kanto,Charmander,"Charmeleon, Charizard"
7,Squirtle,Water,Generation-i,Kanto,Squirtle,"Wartortle, Blastoise"
8,Wartortle,Water,Generation-i,Kanto,Squirtle,"Wartortle, Blastoise"
9,Blastoise,Water,Generation-i,Kanto,Squirtle,"Wartortle, Blastoise"
10,Caterpie,Bug,Generation-i,Kanto,Caterpie,"Metapod, Butterfree"
11,Metapod,Bug,Generation-i,Kanto,Caterpie,"Metapod, Butterfree"
12,Butterfree,"Bug, Flying",Generation-i,Kanto,Caterpie,"Metapod, Butterfree"
13,Weedle,"Bug, Poison",Generation-i,Kanto,Weedle,"Kakuna, Beedrill"
14,Kakuna,"Bug, Poison",Generation-i,Kanto,Weedle,"Kakuna, Beedrill"
15,Beedrill,"Bug, Poison",Generation-i,Kanto,Weedle,"Kakuna, Beedrill"
16,Pidgey,"Normal, Flying",Generation-i,Kanto,Pidgey,"Pidgeotto, Pidgeot"
17,Pidgeotto,"Normal, Flying",Generation-i,Kanto,Pidgey,"Pidgeotto, Pidgeot"
18,Pidgeot,"Normal, Flying",Generation-i,Kanto,Pidgey,"Pidgeotto, Pidgeot"
19,Rattata,Normal,Generation-i,Kanto,Rattata,Raticate
20,Raticate,Normal,Generation-i,Kanto,Rattata,Raticate
21,Spearow,"Normal, Flying",Generation-i,Kanto,Spearow,Fearow
22,Fearow,"Normal, Flying",Generation-i,Kanto,Spearow,Fearow
23,Ekans,Poison,Generation-i,Kanto,Ekans,Arbok
24,Arbok,Poison,Generation-i,Kanto,Ekans,Arbok
25,Pikachu,Electric,Generation-i,Kanto,Pichu,"Pikachu, Raichu"
26,Raichu,Electric,Generation-i,Kanto,Pichu,"Pikachu, Raichu"
27,Sandshrew,Ground,Generation-i,Kanto,Sandshrew,Sandslash
28,Sandslash,Ground,Generation-i,Kanto,Sandshrew,Sandslash
29,Nidoran-f,Poison,Generation-i,Kanto,Nidoran-f,"Nidorina, Nidoqueen"
30,Nidorina,Poison,Generation-i,Kanto,Nidoran-f,"Nidorina, Nidoqueen"
31,Nidoqueen,"Poison, Ground",Generation-i,Kanto,Nidoran-f,"Nidorina, Nidoqueen"
32,Nidoran-m,Poison,Generation-i,Kanto,Nidoran-m,"Nidorino, Nidoking"
33,Nidorino,Poison,Generation-i,Kanto,Nidoran-m,"Nidorino, Nidoking"
34,Nidoking,"Poison, Ground",Generation-i,Kanto,Nidoran-m,"Nidorino, Nidoking"
35,Clefairy,Fairy,Generation-i,Kanto,Cleffa,"Clefairy, Clefable"
36,Clefable,Fairy,Generation-i,Kanto,Cleffa,"Clefairy, Clefable"
37,Vulpix,Fire,Generation-i,Kanto,Vulpix,Ninetales
38,Ninetales,Fire,Generation-i,Kanto,Vulpix,Ninetales
39,Jigglypuff,"Normal, Fairy",Generation-i,Kanto,Igglybuff,"Jigglypuff, Wigglytuff"
40,Wigglytuff,"Normal, Fairy",Generation-i,Kanto,Igglybuff,"Jigglypuff, Wigglytuff"
41,Zubat,"Poison, Flying",Generation-i,Kanto,Zubat,"Golbat, Crobat"
42,Golbat,"Poison, Flying",Generation-i,Kanto,Zubat,"Golbat, Crobat"
43,Oddish,"Grass, Poison",Generation-i,Kanto,Oddish,"Gloom, Vileplume"
44,Gloom,"Grass, Poison",Generation-i,Kanto,Oddish,"Gloom, Vileplume"
45,Vileplume,"Grass, Poison",Generation-i,Kanto,Oddish,"Gloom, Vileplume"
46,Paras,"Bug, Grass",Generation-i,Kanto,Paras,Parasect
47,Parasect,"Bug, Grass",Generation-i,Kanto,Paras,Parasect
48,Venonat,"Bug, Poison",Generation-i,Kanto,Venonat,Venomoth
49,Venomoth,"Bug, Poison",Generation-i,Kanto,Venonat,Venomoth
50,Diglett,Ground,Generation-i,Kanto,Diglett,Dugtrio
51,Dugtrio,Ground,Generation-i,Kanto,Diglett,Dugtrio
52,Meowth,Normal,Generation-i,Kanto,Meowth,Persian
53,Persian,Normal,Generation-i,Kanto,Meowth,Persian
54,Psyduck,Water,Generation-i,Kanto,Psyduck,Golduck
55,Golduck,Water,Generation-i,Kanto,Psyduck,Golduck
56,Mankey,Fighting,Generation-i,Kanto,Mankey,"Primeape, Annihilape"
57,Primeape,Fighting,Generation-i,Kanto,Mankey,"Primeape, Annihilape"
58,Growlithe,Fire,Generation-i,Kanto,Growlithe,Arcanine
59,Arcanine,Fire,Generation-i,Kanto,Growlithe,Arcanine
60,Poliwag,Water,Generation-i,Kanto,Poliwag,"Poliwhirl, Poliwrath"
61,Poliwhirl,Water,Generation-i,Kanto,Poliwag,"Poliwhirl, Poliwrath"
62,Poliwrath,"Water, Fighting",Generation-i,Kanto,Poliwag,"Poliwhirl, Poliwrath"
63,Abra,Psychic,Generation-i,Kanto,Abra,"Kadabra, Alakazam"
64,Kadabra,Psychic,Generation-i,Kanto,Abra,"Kadabra, Alakazam"
65,Alakazam,Psychic,Generation-i,Kanto,Abra,"Kadabra, Alakazam"
66,Machop,Fighting,Generation-i,Kanto,Machop,"Machoke, Machamp"
67,Machoke,Fighting,Generation-i,Kanto,Machop,"Machoke, Machamp"
68,Machamp,Fighting,Generation-i,Kanto,Machop,"Machoke, Machamp"
69,Bellsprout,"Grass, Poison",Generation-i,Kanto,Bellsprout,"Weepinbell, Victreebel"
70,Weepinbell,"Grass, Poison",Generation-i,Kanto,Bellsprout,"Weepinbell, Victreebel"
71,Victreebel,"Grass, Poison",Generation-i,Kanto,Bellsprout,"Weepinbell, Victreebel"
72,Tentacool,"Water, Poison",Generation-i,Kanto,Tentacool,Tentacruel
73,Tentacruel,"Water, Poison",Generation-i,Kanto,Tentacool,Tentacruel
74,Geodude,"Rock, Ground",Generation-i,Kanto,Geodude,"Graveler, Golem"
75,Graveler,"Rock, Ground",Generation-i,Kanto,Geodude,"Graveler, Golem"
76,Golem,"Rock, Ground",Generation-i,Kanto,Geodude,"Graveler, Golem"
77,Ponyta,Fire,Generation-i,Kanto,Ponyta,Rapidash
78,Rapidash,Fire,Generation-i,Kanto,Ponyta,Rapidash
79,Slowpoke,"Water, Psychic",Generation-i,Kanto,Slowpoke,Slowbro
80,Slowbro,"Water, Psychic",Generation-i,Kanto,Slowpoke,Slowbro
81,Magnemite,"Electric, Steel",Generation-i,Kanto,Magnemite,"Magneton, Magnezone"
82,Magneton,"Electric, Steel",Generation-i,Kanto,Magnemite,"Magneton, Magnezone"
83,Farfetchd,"Normal, Flying",Generation-i,Kanto,Farfetchd,Sirfetchd
84,Doduo,"Normal, Flying",Generation-i,Kanto,Doduo,Dodrio
85,Dodrio,"Normal, Flying",Generation-i,Kanto,Doduo,Dodrio
86,Seel,Water,Generation-i,Kanto,Seel,Dewgong
87,Dewgong,"Water, Ice",Generation-i,Kanto,Seel,Dewgong
88,Grimer,Poison,Generation-i,Kanto,Grimer,Muk
89,Muk,Poison,Generation-i,Kanto,Grimer,Muk
90,Shellder,Water,Generation-i,Kanto,Shellder,Cloyster
91,Cloyster,"Water, Ice",Generation-i,Kanto,Shellder,Cloyster
92,Gastly,"Ghost, Poison",Generation-i,Kanto,Gastly,"Haunter, Gengar"
93,Haunter,"Ghost, Poison",Generation-i,Kanto,Gastly,"Haunter, Gengar"
94,Gengar,"Ghost, Poison",Generation-i,Kanto,Gastly,"Haunter, Gengar"
95,Onix,"Rock, Ground",Generation-i,Kanto,Onix,Steelix
96,Drowzee,Psychic,Generation-i,Kanto,Drowzee,Hypno
97,Hypno,Psychic,Generation-i,Kanto,Drowzee,Hypno
98,Krabby,Water,Generation-i,Kanto,Krabby,Kingler
99,Kingler,Water,Generation-i,Kanto,Krabby,Kingler
100,Voltorb,Electric,Generation-i,Kanto,Voltorb,Electrode
101,Electrode,Electric,Generation-i,Kanto,Voltorb,Electrode
102,Exeggcute,"Grass, Psychic",Generation-i,Kanto,Exeggcute,Exeggutor
103,Exeggutor,"Grass, Psychic",Generation-i,Kanto,Exeggcute,Exeggutor
104,Cubone,Ground,Generation-i,Kanto,Cubone,Marowak
105,Marowak,Ground,Generation-i,Kanto,Cubone,Marowak
106,Hitmonlee,Fighting,Generation-i,Kanto,Tyrogue,Hitmonlee
107,Hitmonchan,Fighting,Generation-i,Kanto,Tyrogue,Hitmonlee
108,Lickitung,Normal,Generation-i,Kanto,Lickitung,Lickilicky
109,Koffing,Poison,Generation-i,Kanto,Koffing,Weezing
110,Weezing,Poison,Generation-i,Kanto,Koffing,Weezing
111,Rhyhorn,"Ground, Rock",Generation-i,Kanto,Rhyhorn,"Rhydon, Rhyperior"
112,Rhydon,"Ground, Rock",Generation-i,Kanto,Rhyhorn,"Rhydon, Rhyperior"
113,Chansey,Normal,Generation-i,Kanto,Happiny,"Chansey, Blissey"
114,Tangela,Grass,Generation-i,Kanto,Tangela,Tangrowth
115,Kangaskhan,Normal,Generation-i,Kanto,,
116,Horsea,Water,Generation-i,Kanto,Horsea,"Seadra, Kingdra"
117,Seadra,Water,Generation-i,Kanto,Horsea,"Seadra, Kingdra"
118,Goldeen,Water,Generation-i,Kanto,Goldeen,Seaking
119,Seaking,Water,Generation-i,Kanto,Goldeen,Seaking
120,Staryu,Water,Generation-i,Kanto,Staryu,Starmie
121,Starmie,"Water, Psychic",Generation-i,Kanto,Staryu,Starmie
122,Mr-mime,"Psychic, Fairy",Generation-i,Kanto,Mime-jr,"Mr-mime, Mr-rime"
123,Scyther,"Bug, Flying",Generation-i,Kanto,Scyther,Scizor
124,Jynx,"Ice, Psychic",Generation-i,Kanto,Smoochum,Jynx
125,Electabuzz,Electric,Generation-i,Kanto,Elekid,"Electabuzz, Electivire"
126,Magmar,Fire,Generation-i,Kanto,Magby,"Magmar, Magmortar"
127,Pinsir,Bug,Generation-i,Kanto,,
128,Tauros,Normal,Generation-i,Kanto,,
129,Magikarp,Water,Generation-i,Kanto,Magikarp,Gyarados
130,Gyarados,"Water, Flying",Generation-i,Kanto,Magikarp,Gyarados
131,Lapras,"Water, Ice",Generation-i,Kanto,,
132,Ditto,Normal,Generation-i,Kanto,,
133,Eevee,Normal,Generation-i,Kanto,Eevee,Vaporeon
134,Vaporeon,Water,Generation-i,Kanto,Eevee,Vaporeon
135,Jolteon,Electric,Generation-i,Kanto,Eevee,Vaporeon
136,Flareon,Fire,Generation-i,Kanto,Eevee,Vaporeon
137,Porygon,Normal,Generation-i,Kanto,Porygon,"Porygon2, Porygon-z"
138,Omanyte,"Rock, Water",Generation-i,Kanto,Omanyte,Omastar
139,Omastar,"Rock, Water",Generation-i,Kanto,Omanyte,Omastar
140,Kabuto,"Rock, Water",Generation-i,Kanto,Kabuto,Kabutops
141,Kabutops,"Rock, Water",Generation-i,Kanto,Kabuto,Kabutops
142,Aerodactyl,"Rock, Flying",Generation-i,Kanto,,
143,Snorlax,Normal,Generation-i,Kanto,Munchlax,Snorlax
144,Articuno,"Ice, Flying",Generation-i,Kanto,,
145,Zapdos,"Electric, Flying",Generation-i,Kanto,,
146,Moltres,"Fire, Flying",Generation-i,Kanto,,
147,Dratini,Dragon,Generation-i,Kanto,Dratini,"Dragonair, Dragonite"
148,Dragonair,Dragon,Generation-i,Kanto,Dratini,"Dragonair, Dragonite"
149,Dragonite,"Dragon, Flying",Generation-i,Kanto,Dratini,"Dragonair, Dragonite"
150,Mewtwo,Psychic,Generation-i,Kanto,,
151,Mew,Psychic,Generation-i,Kanto,,
152,Chikorita,Grass,Generation-ii,Johto,Chikorita,"Bayleef, Meganium"
153,Bayleef,Grass,Generation-ii,Johto,Chikorita,"Bayleef, Meganium"
154,Meganium,Grass,Generation-ii,Johto,Chikorita,"Bayleef, Meganium"
155,Cyndaquil,Fire,Generation-ii,Johto,Cyndaquil,"Quilava, Typhlosion"
156,Quilava,Fire,Generation-ii,Johto,Cyndaquil,"Quilava, Typhlosion"
157,Typhlosion,Fire,Generation-ii,Johto,Cyndaquil,"Quilava, Typhlosion"
158,Totodile,Water,Generation-ii,Johto,Totodile,"Croconaw, Feraligatr"
159,Croconaw,Water,Generation-ii,Johto,Totodile,"Croconaw, Feraligatr"
160,Feraligatr,Water,Generation-ii,Johto,Totodile,"Croconaw, Feraligatr"
161,Sentret,Normal,Generation-ii,Johto,Sentret,Furret
162,Furret,Normal,Generation-ii,Johto,Sentret,Furret
163,Hoothoot,"Normal, Flying",Generation-ii,Johto,Hoothoot,Noctowl
164,Noctowl,"Normal, Flying",Generation-ii,Johto,Hoothoot,Noctowl
165,Ledyba,"Bug, Flying",Generation-ii,Johto,Ledyba,Ledian
166,Ledian,"Bug, Flying",Generation-ii,Johto,Ledyba,Ledian
167,Spinarak,"Bug, Poison",Generation-ii,Johto,Spinarak,Ariados
168,Ariados,"Bug, Poison",Generation-ii,Johto,Spinarak,Ariados
169,Crobat,"Poison, Flying",Generation-ii,Johto,Zubat,"Golbat, Crobat"
170,Chinchou,"Water, Electric",Generation-ii,Johto,Chinchou,Lanturn
171,Lanturn,"Water, Electric",Generation-ii,Johto,Chinchou,Lanturn
172,Pichu,Electric,Generation-ii,Johto,Pichu,"Pikachu, Raichu"
173,Cleffa,Fairy,Generation-ii,Johto,Cleffa,"Clefairy, Clefable"
174,Igglybuff,"Normal, Fairy",Generation-ii,Johto,Igglybuff,"Jigglypuff, Wigglytuff"
175,Togepi,Fairy,Generation-ii,Johto,Togepi,"Togetic, Togekiss"
176,Togetic,"Fairy, Flying",Generation-ii,Johto,Togepi,"Togetic, Togekiss"
177,Natu,"Psychic, Flying",Generation-ii,Johto,Natu,Xatu
178,Xatu,"Psychic, Flying",Generation-ii,Johto,Natu,Xatu
179,Mareep,Electric,Generation-ii,Johto,Mareep,"Flaaffy, Ampharos"
180,Flaaffy,Electric,Generation-ii,Johto,Mareep,"Flaaffy, Ampharos"
181,Ampharos,Electric,Generation-ii,Johto,Mareep,"Flaaffy, Ampharos"
182,Bellossom,Grass,Generation-ii,Johto,Oddish,"Gloom, Vileplume"
183,Marill,"Water, Fairy",Generation-ii,Johto,Azurill,"Marill, Azumarill"
184,Azumarill,"Water, Fairy",Generation-ii,Johto,Azurill,"Marill, Azumarill"
185,Sudowoodo,Rock,Generation-ii,Johto,Bonsly,Sudowoodo
186,Politoed,Water,Generation-ii,Johto,Poliwag,"Poliwhirl, Poliwrath"
187,Hoppip,"Grass, Flying",Generation-ii,Johto,Hoppip,"Skiploom, Jumpluff"
188,Skiploom,"Grass, Flying",Generation-ii,Johto,Hoppip,"Skiploom, Jumpluff"
189,Jumpluff,"Grass, Flying",Generation-ii,Johto,Hoppip,"Skiploom, Jumpluff"
190,Aipom,Normal,Generation-ii,Johto,Aipom,Ambipom
191,Sunkern,Grass,Generation-ii,Johto,Sunkern,Sunflora
192,Sunflora,Grass,Generation-ii,Johto,Sunkern,Sunflora
193,Yanma,"Bug, Flying",Generation-ii,Johto,Yanma,Yanmega
194,Wooper,"Water, Ground",Generation-ii,Johto,Wooper,Quagsire
195,Quagsire,"Water, Ground",Generation-ii,Johto,Wooper,Quagsire
196,Espeon,Psychic,Generation-ii,Johto,Eevee,Vaporeon
197,Umbreon,Dark,Generation-ii,Johto,Eevee,Vaporeon
198,Murkrow,"Dark, Flying",Generation-ii,Johto,Murkrow,Honchkrow
199,Slowking,"Water, Psychic",Generation-ii,Johto,Slowpoke,Slowbro
200,Misdreavus,Ghost,Generation-ii,Johto,Misdreavus,Mismagius
201,Unown,Psychic,Generation-ii,Johto,,
202,Wobbuffet,Psychic,Generation-ii,Johto,Wynaut,Wobbuffet
203,Girafarig,"Normal, Psychic",Generation-ii,Johto,Girafarig,Farigiraf
204,Pineco,Bug,Generation-ii,Johto,Pineco,Forretress
205,Forretress,"Bug, Steel",Generation-ii,Johto,Pineco,Forretress
206,Dunsparce,Normal,Generation-ii,Johto,Dunsparce,Dudunsparce
207,Gligar,"Ground, Flying",Generation-ii,Johto,Gligar,Gliscor
208,Steelix,"Steel, Ground",Generation-ii,Johto,Onix,Steelix
209,Snubbull,Fairy,Generation-ii,Johto,Snubbull,Granbull
210,Granbull,Fairy,Generation-ii,Johto,Snubbull,Granbull
211,Qwilfish,"Water, Poison",Generation-ii,Johto,Qwilfish,Overqwil
212,Scizor,"Bug, Steel",Generation-ii,Johto,Scyther,Scizor
213,Shuckle,"Bug, Rock",Generation-ii,Johto,,
214,Heracross,"Bug, Fighting",Generation-ii,Johto,,
215,Sneasel,"Dark, Ice",Generation-ii,Johto,Sneasel,Weavile
216,Teddiursa,Normal,Generation-ii,Johto,Teddiursa,"Ursaring, Ursaluna"
217,Ursaring,Normal,Generation-ii,Johto,Teddiursa,"Ursaring, Ursaluna"
218,Slugma,Fire,Generation-ii,Johto,Slugma,Magcargo
219,Magcargo,"Fire, Rock",Generation-ii,Johto,Slugma,Magcargo
220,Swinub,"Ice, Ground",Generation-ii,Johto,Swinub,"Piloswine, Mamoswine"
221,Piloswine,"Ice, Ground",Generation-ii,Johto,Swinub,"Piloswine, Mamoswine"
222,Corsola,"Water, Rock",Generation-ii,Johto,Corsola,Cursola
223,Remoraid,Water,Generation-ii,Johto,Remoraid,Octillery
224,Octillery,Water,Generation-ii,Johto,Remoraid,Octillery
225,Delibird,"Ice, Flying",Generation-ii,Johto,,
226,Mantine,"Water, Flying",Generation-ii,Johto,Mantyke,Mantine
227,Skarmory,"Steel, Flying",Generation-ii,Johto,,
228,Houndour,"Dark, Fire",Generation-ii,Johto,Houndour,Houndoom
229,Houndoom,"Dark, Fire",Generation-ii,Johto,Houndour,Houndoom
230,Kingdra,"Water, Dragon",Generation-ii,Johto,Horsea,"Seadra, Kingdra"
231,Phanpy,Ground,Generation-ii,Johto,Phanpy,Donphan
232,Donphan,Ground,Generation-ii,Johto,Phanpy,Donphan
233,Porygon2,Normal,Generation-ii,Johto,Porygon,"Porygon2, Porygon-z"
234,Stantler,Normal,Generation-ii,Johto,Stantler,Wyrdeer
235,Smeargle,Normal,Generation-ii,Johto,,
236,Tyrogue,Fighting,Generation-ii,Johto,Tyrogue,Hitmonlee
237,Hitmontop,Fighting,Generation-ii,Johto,Tyrogue,Hitmonlee
238,Smoochum,"Ice, Psychic",Generation-ii,Johto,Smoochum,Jynx
239,Elekid,Electric,Generation-ii,Johto,Elekid,"Electabuzz, Electivire"
240,Magby,Fire,Generation-ii,Johto,Magby,"Magmar, Magmortar"
241,Miltank,Normal,Generation-ii,Johto,,
242,Blissey,Normal,Generation-ii,Johto,Happiny,"Chansey, Blissey"
243,Raikou,Electric,Generation-ii,Johto,,
244,Entei,Fire,Generation-ii,Johto,,
245,Suicune,Water,Generation-ii,Johto,,
246,Larvitar,"Rock, Ground",Generation-ii,Johto,Larvitar,"Pupitar, Tyranitar"
247,Pupitar,"Rock, Ground",Generation-ii,Johto,Larvitar,"Pupitar, Tyranitar"
248,Tyranitar,"Rock, Dark",Generation-ii,Johto,Larvitar,"Pupitar, Tyranitar"
249,Lugia,"Psychic, Flying",Generation-ii,Johto,,
250,Ho-oh,"Fire, Flying",Generation-ii,Johto,,
251,Celebi,"Psychic, Grass",Generation-ii,Johto,,
252,Treecko,Grass,Generation-iii,Hoenn,Treecko,"Grovyle, Sceptile"
253,Grovyle,Grass,Generation-iii,Hoenn,Treecko,"Grovyle, Sceptile"
254,Sceptile,Grass,Generation-iii,Hoenn,Treecko,"Grovyle, Sceptile"
255,Torchic,Fire,Generation-iii,Hoenn,Torchic,"Combusken, Blaziken"
256,Combusken,"Fire, Fighting",Generation-iii,Hoenn,Torchic,"Combusken, Blaziken"
257,Blaziken,"Fire, Fighting",Generation-iii,Hoenn,Torchic,"Combusken, Blaziken"
258,Mudkip,Water,Generation-iii,Hoenn,Mudkip,"Marshtomp, Swampert"
259,Marshtomp,"Water, Ground",Generation-iii,Hoenn,Mudkip,"Marshtomp, Swampert"
260,Swampert,"Water, Ground",Generation-iii,Hoenn,Mudkip,"Marshtomp, Swampert"
261,Poochyena,Dark,Generation-iii,Hoenn,Poochyena,Mightyena
262,Mightyena,Dark,Generation-iii,Hoenn,Poochyena,Mightyena
263,Zigzagoon,Normal,Generation-iii,Hoenn,Zigzagoon,"Linoone, Obstagoon"
264,Linoone,Normal,Generation-iii,Hoenn,Zigzagoon,"Linoone, Obstagoon"
265,Wurmple,Bug,Generation-iii,Hoenn,Wurmple,"Silcoon, Beautifly"
266,Silcoon,Bug,Generation-iii,Hoenn,Wurmple,"Silcoon, Beautifly"
267,Beautifly,"Bug, Flying",Generation-iii,Hoenn,Wurmple,"Silcoon, Beautifly"
268,Cascoon,Bug,Generation-iii,Hoenn,Wurmple,"Silcoon, Beautifly"
269,Dustox,"Bug, Poison",Generation-iii,Hoenn,Wurmple,"Silcoon, Beautifly"
270,Lotad,"Water, Grass",Generation-iii,Hoenn,Lotad,"Lombre, Ludicolo"
271,Lombre,"Water, Grass",Generation-iii,Hoenn,Lotad,"Lombre, Ludicolo"
272,Ludicolo,"Water, Grass",Generation-iii,Hoenn,Lotad,"Lombre, Ludicolo"
273,Seedot,Grass,Generation-iii,Hoenn,Seedot,"Nuzleaf, Shiftry"
274,Nuzleaf,"Grass, Dark",Generation-iii,Hoenn,Seedot,"Nuzleaf, Shiftry"
275,Shiftry,"Grass, Dark",Generation-iii,Hoenn,Seedot,"Nuzleaf, Shiftry"
276,Taillow,"Normal, Flying",Generation-iii,Hoenn,Taillow,Swellow
277,Swellow,"Normal, Flying",Generation-iii,Hoenn,Taillow,Swellow
278,Wingull,"Water, Flying",Generation-iii,Hoenn,Wingull,Pelipper
279,Pelipper,"Water, Flying",Generation-iii,Hoenn,Wingull,Pelipper
280,Ralts,"Psychic, Fairy",Generation-iii,Hoenn,Ralts,"Kirlia, Gardevoir"
281,Kirlia,"Psychic, Fairy",Generation-iii,Hoenn,Ralts,"Kirlia, Gardevoir"
282,Gardevoir,"Psychic, Fairy",Generation-iii,Hoenn,Ralts,"Kirlia, Gardevoir"
283,Surskit,"Bug, Water",Generation-iii,Hoenn,Surskit,Masquerain
284,Masquerain,"Bug, Flying",Generation-iii,Hoenn,Surskit,Masquerain
285,Shroomish,Grass,Generation-iii,Hoenn,Shroomish,Breloom
286,Breloom,"Grass, Fighting",Generation-iii,Hoenn,Shroomish,Breloom
287,Slakoth,Normal,Generation-iii,Hoenn,Slakoth,"Vigoroth, Slaking"
288,Vigoroth,Normal,Generation-iii,Hoenn,Slakoth,"Vigoroth, Slaking"
289,Slaking,Normal,Generation-iii,Hoenn,Slakoth,"Vigoroth, Slaking"
290,Nincada,"Bug, Ground",Generation-iii,Hoenn,Nincada,Ninjask
291,Ninjask,"Bug, Flying",Generation-iii,Hoenn,Nincada,Ninjask
292,Shedinja,"Bug, Ghost",Generation-iii,Hoenn,Nincada,Ninjask
293,Whismur,Normal,Generation-iii,Hoenn,Whismur,"Loudred, Exploud"
294,Loudred,Normal,Generation-iii,Hoenn,Whismur,"Loudred, Exploud"
295,Exploud,Normal,Generation-iii,Hoenn,Whismur,"Loudred, Exploud"
296,Makuhita,Fighting,Generation-iii,Hoenn,Makuhita,Hariyama
297,Hariyama,Fighting,Generation-iii,Hoenn,Makuhita,Hariyama
298,Azurill,"Normal, Fairy",Generation-iii,Hoenn,Azurill,"Marill, Azumarill"
299,Nosepass,Rock,Generation-iii,Hoenn,Nosepass,Probopass
300,Skitty,Normal,Generation-iii,Hoenn,Skitty,Delcatty
301,Delcatty,Normal,Generation-iii,Hoenn,Skitty,Delcatty
302,Sableye,"Dark, Ghost",Generation-iii,Hoenn,,
303,Mawile,"Steel, Fairy",Generation-iii,Hoenn,,
304,Aron,"Steel, Rock",Generation-iii,Hoenn,Aron,"Lairon, Aggron"
305,Lairon,"Steel, Rock",Generation-iii,Hoenn,Aron,"Lairon, Aggron"
306,Aggron,"Steel, Rock",Generation-iii,Hoenn,Aron,"Lairon, Aggron"
307,Meditite,"Fighting, Psychic",Generation-iii,Hoenn,Meditite,Medicham
308,Medicham,"Fighting, Psychic",Generation-iii,Hoenn,Meditite,Medicham
309,Electrike,Electric,Generation-iii,Hoenn,Electrike,Manectric
310,Manectric,Electric,Generation-iii,Hoenn,Electrike,Manectric
311,Plusle,Electric,Generation-iii,Hoenn,,
312,Minun,Electric,Generation-iii,Hoenn,,
313,Volbeat,Bug,Generation-iii,Hoenn,,
314,Illumise,Bug,Generation-iii,Hoenn,,
315,Roselia,"Grass, Poison",Generation-iii,Hoenn,Budew,"Roselia, Roserade"
316,Gulpin,Poison,Generation-iii,Hoenn,Gulpin,Swalot
317,Swalot,Poison,Generation-iii,Hoenn,Gulpin,Swalot
318,Carvanha,"Water, Dark",Generation-iii,Hoenn,Carvanha,Sharpedo
319,Sharpedo,"Water, Dark",Generation-iii,Hoenn,Carvanha,Sharpedo
320,Wailmer,Water,Generation-iii,Hoenn,Wailmer,Wailord
321,Wailord,Water,Generation-iii,Hoenn,Wailmer,Wailord
322,Numel,"Fire, Ground",Generation-iii,Hoenn,Numel,Camerupt
323,Camerupt,"Fire, Ground",Generation-iii,Hoenn,Numel,Camerupt
324,Torkoal,Fire,Generation-iii,Hoenn,,
325,Spoink,Psychic,Generation-iii,Hoenn,Spoink,Grumpig
326,Grumpig,Psychic,Generation-iii,Hoenn,Spoink,Grumpig
327,Spinda,Normal,Generation-iii,Hoenn,,
328,Trapinch,Ground,Generation-iii,Hoenn,Trapinch,"Vibrava, Flygon"
329,Vibrava,"Ground, Dragon",Generation-iii,Hoenn,Trapinch,"Vibrava, Flygon"
330,Flygon,"Ground, Dragon",Generation-iii,Hoenn,Trapinch,"Vibrava, Flygon"
331,Cacnea,Grass,Generation-iii,Hoenn,Cacnea,Cacturne
332,Cacturne,"Grass, Dark",Generation-iii,Hoenn,Cacnea,Cacturne
333,Swablu,"Normal, Flying",Generation-iii,Hoenn,Swablu,Altaria
334,Altaria,"Dragon, Flying",Generation-iii,Hoenn,Swablu,Altaria
335,Zangoose,Normal,Generation-iii,Hoenn,,
336,Seviper,Poison,Generation-iii,Hoenn,,
337,Lunatone,"Rock, Psychic",Generation-iii,Hoenn,,
338,Solrock,"Rock, Psychic",Generation-iii,Hoenn,,
339,Barboach,"Water, Ground",Generation-iii,Hoenn,Barboach,Whiscash
340,Whiscash,"Water, Ground",Generation-iii,Hoenn,Barboach,Whiscash
341,Corphish,Water,Generation-iii,Hoenn,Corphish,Crawdaunt
342,Crawdaunt,"Water, Dark",Generation-iii,Hoenn,Corphish,Crawdaunt
343,Baltoy,"Ground, Psychic",Generation-iii,Hoenn,Baltoy,Claydol
344,Claydol,"Ground, Psychic",Generation-iii,Hoenn,Baltoy,Claydol
345,Lileep,"Rock, Grass",Generation-iii,Hoenn,Lileep,Cradily
346,Cradily,"Rock, Grass",Generation-iii,Hoenn,Lileep,Cradily
347,Anorith,"Rock, Bug",Generation-iii,Hoenn,Anorith,Armaldo
348,Armaldo,"Rock, Bug",Generation-iii,Hoenn,Anorith,Armaldo
349,Feebas,Water,Generation-iii,Hoenn,Feebas,Milotic
350,Milotic,Water,Generation-iii,Hoenn,Feebas,Milotic
351,Castform,Normal,Generation-iii,Hoenn,,
352,Kecleon,Normal,Generation-iii,Hoenn,,
353,Shuppet,Ghost,Generation-iii,Hoenn,Shuppet,Banette
354,Banette,Ghost,Generation-iii,Hoenn,Shuppet,Banette
355,Duskull,Ghost,Generation-iii,Hoenn,Duskull,"Dusclops, Dusknoir"
356,Dusclops,Ghost,Generation-iii,Hoenn,Duskull,"Dusclops, Dusknoir"
357,Tropius,"Grass, Flying",Generation-iii,Hoenn,,
358,Chimecho,Psychic,Generation-iii,Hoenn,Chingling,Chimecho
359,Absol,Dark,Generation-iii,Hoenn,,
360,Wynaut,Psychic,Generation-iii,Hoenn,Wynaut,Wobbuffet
361,Snorunt,Ice,Generation-iii,Hoenn,Snorunt,Glalie
362,Glalie,Ice,Generation-iii,Hoenn,Snorunt,Glalie
363,Spheal,"Ice, Water",Generation-iii,Hoenn,Spheal,"Sealeo, Walrein"
364,Sealeo,"Ice, Water",Generation-iii,Hoenn,Spheal,"Sealeo, Walrein"
365,Walrein,"Ice, Water",Generation-iii,Hoenn,Spheal,"Sealeo, Walrein"
366,Clamperl,Water,Generation-iii,Hoenn,Clamperl,Huntail
367,Huntail,Water,Generation-iii,Hoenn,Clamperl,Huntail
368,Gorebyss,Water,Generation-iii,Hoenn,Clamperl,Huntail
369,Relicanth,"Water, Rock",Generation-iii,Hoenn,,
370,Luvdisc,Water,Generation-iii,Hoenn,,
371,Bagon,Dragon,Generation-iii,Hoenn,Bagon,"Shelgon, Salamence"
372,Shelgon,Dragon,Generation-iii,Hoenn,Bagon,"Shelgon, Salamence"
373,Salamence,"Dragon, Flying",Generation-iii,Hoenn,Bagon,"Shelgon, Salamence"
374,Beldum,"Steel, Psychic",Generation-iii,Hoenn,Beldum,"Metang, Metagross"
375,Metang,"Steel, Psychic",Generation-iii,Hoenn,Beldum,"Metang, Metagross"
376,Metagross,"Steel, Psychic",Generation-iii,Hoenn,Beldum,"Metang, Metagross"
377,Regirock,Rock,Generation-iii,Hoenn,,
378,Regice,Ice,Generation-iii,Hoenn,,
379,Registeel,Steel,Generation-iii,Hoenn,,
380,Latias,"Dragon, Psychic",Generation-iii,Hoenn,,
381,Latios,"Dragon, Psychic",Generation-iii,Hoenn,,
382,Kyogre,Water,Generation-iii,Hoenn,,
383,Groudon,Ground,Generation-iii,Hoenn,,
384,Rayquaza,"Dragon, Flying",Generation-iii,Hoenn,,
385,Jirachi,"Steel, Psychic",Generation-iii,Hoenn,,
386,Deoxys-normal,Psychic,Generation-iii,Hoenn,,
387,Turtwig,Grass,Generation-iv,Sinnoh,Turtwig,"Grotle, Torterra"
388,Grotle,Grass,Generation-iv,Sinnoh,Turtwig,"Grotle, Torterra"
389,Torterra,"Grass, Ground",Generation-iv,Sinnoh,Turtwig,"Grotle, Torterra"
390,Chimchar,Fire,Generation-iv,Sinnoh,Chimchar,"Monferno, Infernape"
391,Monferno,"Fire, Fighting",Generation-iv,Sinnoh,Chimchar,"Monferno, Infernape"
392,Infernape,"Fire, Fighting",Generation-iv,Sinnoh,Chimchar,"Monferno, Infernape"
393,Piplup,Water,Generation-iv,Sinnoh,Piplup,"Prinplup, Empoleon"
394,Prinplup,Water,Generation-iv,Sinnoh,Piplup,"Prinplup, Empoleon"
395,Empoleon,"Water, Steel",Generation-iv,Sinnoh,Piplup,"Prinplup, Empoleon"
396,Starly,"Normal, Flying",Generation-iv,Sinnoh,Starly,"Staravia, Staraptor"
397,Staravia,"Normal, Flying",Generation-iv,Sinnoh,Starly,"Staravia, Staraptor"
398,Staraptor,"Normal, Flying",Generation-iv,Sinnoh,Starly,"Staravia, Staraptor"
399,Bidoof,Normal,Generation-iv,Sinnoh,Bidoof,Bibarel
400,Bibarel,"Normal, Water",Generation-iv,Sinnoh,Bidoof,Bibarel
401,Kricketot,Bug,Generation-iv,Sinnoh,Kricketot,Kricketune
402,Kricketune,Bug,Generation-iv,Sinnoh,Kricketot,Kricketune
403,Shinx,Electric,Generation-iv,Sinnoh,Shinx,"Luxio, Luxray"
404,Luxio,Electric,Generation-iv,Sinnoh,Shinx,"Luxio, Luxray"
405,Luxray,Electric,Generation-iv,Sinnoh,Shinx,"Luxio, Luxray"
406,Budew,"Grass, Poison",Generation-iv,Sinnoh,Budew,"Roselia, Roserade"
407,Roserade,"Grass, Poison",Generation-iv,Sinnoh,Budew,"Roselia, Roserade"
408,Cranidos,Rock,Generation-iv,Sinnoh,Cranidos,Rampardos
409,Rampardos,Rock,Generation-iv,Sinnoh,Cranidos,Rampardos
410,Shieldon,"Rock, Steel",Generation-iv,Sinnoh,Shieldon,Bastiodon
411,Bastiodon,"Rock, Steel",Generation-iv,Sinnoh,Shieldon,Bastiodon
412,Burmy,Bug,Generation-iv,Sinnoh,Burmy,Wormadam
413,Wormadam-plant,"Bug, Grass",Generation-iv,Sinnoh,Burmy,Wormadam
414,Mothim,"Bug, Flying",Generation-iv,Sinnoh,Burmy,Wormadam
415,Combee,"Bug, Flying",Generation-iv,Sinnoh,Combee,Vespiquen
416,Vespiquen,"Bug, Flying",Generation-iv,Sinnoh,Combee,Vespiquen
417,Pachirisu,Electric,Generation-iv,Sinnoh,,
418,Buizel,Water,Generation-iv,Sinnoh,Buizel,Floatzel
419,Floatzel,Water,Generation-iv,Sinnoh,Buizel,Floatzel
420,Cherubi,Grass,Generation-iv,Sinnoh,Cherubi,Cherrim
421,Cherrim,Grass,Generation-iv,Sinnoh,Cherubi,Cherrim
422,Shellos,Water,Generation-iv,Sinnoh,Shellos,Gastrodon
423,Gastrodon,"Water, Ground",Generation-iv,Sinnoh,Shellos,Gastrodon
424,Ambipom,Normal,Generation-iv,Sinnoh,Aipom,Ambipom
425,Drifloon,"Ghost, Flying",Generation-iv,Sinnoh,Drifloon,Drifblim
426,Drifblim,"Ghost, Flying",Generation-iv,Sinnoh,Drifloon,Drifblim
427,Buneary,Normal,Generation-iv,Sinnoh,Buneary,Lopunny
428,Lopunny,Normal,Generation-iv,Sinnoh,Buneary,Lopunny
429,Mismagius,Ghost,Generation-iv,Sinnoh,Misdreavus,Mismagius
430,Honchkrow,"Dark, Flying",Generation-iv,Sinnoh,Murkrow,Honchkrow
431,Glameow,Normal,Generation-iv,Sinnoh,Glameow,Purugly
432,Purugly,Normal,Generation-iv,Sinnoh,Glameow,Purugly
433,Chingling,Psychic,Generation-iv,Sinnoh,Chingling,Chimecho
434,Stunky,"Poison, Dark",Generation-iv,Sinnoh,Stunky,Skuntank
435,Skuntank,"Poison, Dark",Generation-iv,Sinnoh,Stunky,Skuntank
436,Bronzor,"Steel, Psychic",Generation-iv,Sinnoh,Bronzor,Bronzong
437,Bronzong,"Steel, Psychic",Generation-iv,Sinnoh,Bronzor,Bronzong
438,Bonsly,Rock,Generation-iv,Sinnoh,Bonsly,Sudowoodo
439,Mime-jr,"Psychic, Fairy",Generation-iv,Sinnoh,Mime-jr,"Mr-mime, Mr-rime"
440,Happiny,Normal,Generation-iv,Sinnoh,Happiny,"Chansey, Blissey"
441,Chatot,"Normal, Flying",Generation-iv,Sinnoh,,
442,Spiritomb,"Ghost, Dark",Generation-iv,Sinnoh,,
443,Gible,"Dragon, Ground",Generation-iv,Sinnoh,Gible,"Gabite, Garchomp"
444,Gabite,"Dragon, Ground",Generation-iv,Sinnoh,Gible,"Gabite, Garchomp"
445,Garchomp,"Dragon, Ground",Generation-iv,Sinnoh,Gible,"Gabite, Garchomp"
446,Munchlax,Normal,Generation-iv,Sinnoh,Munchlax,Snorlax
447,Riolu,Fighting,Generation-iv,Sinnoh,Riolu,Lucario
448,Lucario,"Fighting, Steel",Generation-iv,Sinnoh,Riolu,Lucario
449,Hippopotas,Ground,Generation-iv,Sinnoh,Hippopotas,Hippowdon
450,Hippowdon,Ground,Generation-iv,Sinnoh,Hippopotas,Hippowdon
451,Skorupi,"Poison, Bug",Generation-iv,Sinnoh,Skorupi,Drapion
452,Drapion,"Poison, Dark",Generation-iv,Sinnoh,Skorupi,Drapion
453,Croagunk,"Poison, Fighting",Generation-iv,Sinnoh,Croagunk,Toxicroak
454,Toxicroak,"Poison, Fighting",Generation-iv,Sinnoh,Croagunk,Toxicroak
455,Carnivine,Grass,Generation-iv,Sinnoh,,
456,Finneon,Water,Generation-iv,Sinnoh,Finneon,Lumineon
457,Lumineon,Water,Generation-iv,Sinnoh,Finneon,Lumineon
458,Mantyke,"Water, Flying",Generation-iv,Sinnoh,Mantyke,Mantine
459,Snover,"Grass, Ice",Generation-iv,Sinnoh,Snover,Abomasnow
460,Abomasnow,"Grass, Ice",Generation-iv,Sinnoh,Snover,Abomasnow
461,Weavile,"Dark, Ice",Generation-iv,Sinnoh,Sneasel,Weavile
462,Magnezone,"Electric, Steel",Generation-iv,Sinnoh,Magnemite,"Magneton, Magnezone"
463,Lickilicky,Normal,Generation-iv,Sinnoh,Lickitung,Lickilicky
464,Rhyperior,"Ground, Rock",Generation-iv,Sinnoh,Rhyhorn,"Rhydon, Rhyperior"
465,Tangrowth,Grass,Generation-iv,Sinnoh,Tangela,Tangrowth
466,Electivire,Electric,Generation-iv,Sinnoh,Elekid,"Electabuzz, Electivire"
467,Magmortar,Fire,Generation-iv,Sinnoh,Magby,"Magmar, Magmortar"
468,Togekiss,"Fairy, Flying",Generation-iv,Sinnoh,Togepi,"Togetic, Togekiss"
469,Yanmega,"Bug, Flying",Generation-iv,Sinnoh,Yanma,Yanmega
470,Leafeon,Grass,Generation-iv,Sinnoh,Eevee,Vaporeon
471,Glaceon,Ice,Generation-iv,Sinnoh,Eevee,Vaporeon
472,Gliscor,"Ground, Flying",Generation-iv,Sinnoh,Gligar,Gliscor
473,Mamoswine,"Ice, Ground",Generation-iv,Sinnoh,Swinub,"Piloswine, Mamoswine"
474,Porygon-z,Normal,Generation-iv,Sinnoh,Porygon,"Porygon2, Porygon-z"
475,Gallade,"Psychic, Fighting",Generation-iv,Sinnoh,Ralts,"Kirlia, Gardevoir"
476,Probopass,"Rock, Steel",Generation-iv,Sinnoh,Nosepass,Probopass
477,Dusknoir,Ghost,Generation-iv,Sinnoh,Duskull,"Dusclops, Dusknoir"
478,Froslass,"Ice, Ghost",Generation-iv,Sinnoh,Snorunt,Glalie
479,Rotom,"Electric, Ghost",Generation-iv,Sinnoh,,
480,Uxie,Psychic,Generation-iv,Sinnoh,,
481,Mesprit,Psychic,Generation-iv,Sinnoh,,
482,Azelf,Psychic,Generation-iv,Sinnoh,,
483,Dialga,"Steel, Dragon",Generation-iv,Sinnoh,,
484,Palkia,"Water, Dragon",Generation-iv,Sinnoh,,
485,Heatran,"Fire, Steel",Generation-iv,Sinnoh,,
486,Regigigas,Normal,Generation-iv,Sinnoh,,
487,Giratina-altered,"Ghost, Dragon",Generation-iv,Sinnoh,,
488,Cresselia,Psychic,Generation-iv,Sinnoh,,
489,Phione,Water,Generation-iv,Sinnoh,Phione,Manaphy
490,Manaphy,Water,Generation-iv,Sinnoh,Phione,Manaphy
491,Darkrai,Dark,Generation-iv,Sinnoh,,
492,Shaymin-land,Grass,Generation-iv,Sinnoh,,
493,Arceus,Normal,Generation-iv,Sinnoh,,
494,Victini,"Psychic, Fire",Generation-v,Unova,,
495,Snivy,Grass,Generation-v,Unova,Snivy,"Servine, Serperior"
496,Servine,Grass,Generation-v,Unova,Snivy,"Servine, Serperior"
497,Serperior,Grass,Generation-v,Unova,Snivy,"Servine, Serperior"
498,Tepig,Fire,Generation-v,Unova,Tepig,"Pignite, Emboar"
499,Pignite,"Fire, Fighting",Generation-v,Unova,Tepig,"Pignite, Emboar"
500,Emboar,"Fire, Fighting",Generation-v,Unova,Tepig,"Pignite, Emboar"
501,Oshawott,Water,Generation-v,Unova,Oshawott,"Dewott, Samurott"
502,Dewott,Water,Generation-v,Unova,Oshawott,"Dewott, Samurott"
503,Samurott,Water,Generation-v,Unova,Oshawott,"Dewott, Samurott"
504,Patrat,Normal,Generation-v,Unova,Patrat,Watchog
505,Watchog,Normal,Generation-v,Unova,Patrat,Watchog
506,Lillipup,Normal,Generation-v,Unova,Lillipup,"Herdier, Stoutland"
507,Herdier,Normal,Generation-v,Unova,Lillipup,"Herdier, Stoutland"
508,Stoutland,Normal,Generation-v,Unova,Lillipup,"Herdier, Stoutland"
509,Purrloin,Dark,Generation-v,Unova,Purrloin,Liepard
510,Liepard,Dark,Generation-v,Unova,Purrloin,Liepard
511,Pansage,Grass,Generation-v,Unova,Pansage,Simisage
512,Simisage,Grass,Generation-v,Unova,Pansage,Simisage
513,Pansear,Fire,Generation-v,Unova,Pansear,Simisear
514,Simisear,Fire,Generation-v,Unova,Pansear,Simisear
515,Panpour,Water,Generation-v,Unova,Panpour,Simipour
516,Simipour,Water,Generation-v,Unova,Panpour,Simipour
517,Munna,Psychic,Generation-v,Unova,Munna,Musharna
518,Musharna,Psychic,Generation-v,Unova,Munna,Musharna
519,Pidove,"Normal, Flying",Generation-v,Unova,Pidove,"Tranquill, Unfezant"
520,Tranquill,"Normal, Flying",Generation-v,Unova,Pidove,"Tranquill, Unfezant"
521,Unfezant,"Normal, Flying",Generation-v,Unova,Pidove,"Tranquill, Unfezant"
522,Blitzle,Electric,Generation-v,Unova,Blitzle,Zebstrika
523,Zebstrika,Electric,Generation-v,Unova,Blitzle,Zebstrika
524,Roggenrola,Rock,Generation-v,Unova,Roggenrola,"Boldore, Gigalith"
525,Boldore,Rock,Generation-v,Unova,Roggenrola,"Boldore, Gigalith"
526,Gigalith,Rock,Generation-v,Unova,Roggenrola,"Boldore, Gigalith"
527,Woobat,"Psychic, Flying",Generation-v,Unova,Woobat,Swoobat
528,Swoobat,"Psychic, Flying",Generation-v,Unova,Woobat,Swoobat
529,Drilbur,Ground,Generation-v,Unova,Drilbur,Excadrill
530,Excadrill,"Ground, Steel",Generation-v,Unova,Drilbur,Excadrill
531,Audino,Normal,Generation-v,Unova,,
532,Timburr,Fighting,Generation-v,Unova,Timburr,"Gurdurr, Conkeldurr"
533,Gurdurr,Fighting,Generation-v,Unova,Timburr,"Gurdurr, Conkeldurr"
534,Conkeldurr,Fighting,Generation-v,Unova,Timburr,"Gurdurr, Conkeldurr"
535,Tympole,Water,Generation-v,Unova,Tympole,"Palpitoad, Seismitoad"
536,Palpitoad,"Water, Ground",Generation-v,Unova,Tympole,"Palpitoad, Seismitoad"
537,Seismitoad,"Water, Ground",Generation-v,Unova,Tympole,"Palpitoad, Seismitoad"
538,Throh,Fighting,Generation-v,Unova,,
539,Sawk,Fighting,Generation-v,Unova,,
540,Sewaddle,"Bug, Grass",Generation-v,Unova,Sewaddle,"Swadloon, Leavanny"
541,Swadloon,"Bug, Grass",Generation-v,Unova,Sewaddle,"Swadloon, Leavanny"
542,Leavanny,"Bug, Grass",Generation-v,Unova,Sewaddle,"Swadloon, Leavanny"
543,Venipede,"Bug, Poison",Generation-v,Unova,Venipede,"Whirlipede, Scolipede"
544,Whirlipede,"Bug, Poison",Generation-v,Unova,Venipede,"Whirlipede, Scolipede"
545,Scolipede,"Bug, Poison",Generation-v,Unova,Venipede,"Whirlipede, Scolipede"
546,Cottonee,"Grass, Fairy",Generation-v,Unova,Cottonee,Whimsicott
547,Whimsicott,"Grass, Fairy",Generation-v,Unova,Cottonee,Whimsicott
548,Petilil,Grass,Generation-v,Unova,Petilil,Lilligant
549,Lilligant,Grass,Generation-v,Unova,Petilil,Lilligant
550,Basculin-red-striped,Water,Generation-v,Unova,Basculin,Basculegion
551,Sandile,"Ground, Dark",Generation-v,Unova,Sandile,"Krokorok, Krookodile"
552,Krokorok,"Ground, Dark",Generation-v,Unova,Sandile,"Krokorok, Krookodile"
553,Krookodile,"Ground, Dark",Generation-v,Unova,Sandile,"Krokorok, Krookodile"
554,Darumaka,Fire,Generation-v,Unova,Darumaka,Darmanitan
555,Darmanitan-standard,Fire,Generation-v,Unova,Darumaka,Darmanitan
556,Maractus,Grass,Generation-v,Unova,,
557,Dwebble,"Bug, Rock",Generation-v,Unova,Dwebble,Crustle
558,Crustle,"Bug, Rock",Generation-v,Unova,Dwebble,Crustle
559,Scraggy,"Dark, Fighting",Generation-v,Unova,Scraggy,Scrafty
560,Scrafty,"Dark, Fighting",Generation-v,Unova,Scraggy,Scrafty
561,Sigilyph,"Psychic, Flying",Generation-v,Unova,,
562,Yamask,Ghost,Generation-v,Unova,Yamask,Cofagrigus
563,Cofagrigus,Ghost,Generation-v,Unova,Yamask,Cofagrigus
564,Tirtouga,"Water, Rock",Generation-v,Unova,Tirtouga,Carracosta
565,Carracosta,"Water, Rock",Generation-v,Unova,Tirtouga,Carracosta
566,Archen,"Rock, Flying",Generation-v,Unova,Archen,Archeops
567,Archeops,"Rock, Flying",Generation-v,Unova,Archen,Archeops
568,Trubbish,Poison,Generation-v,Unova,Trubbish,Garbodor
569,Garbodor,Poison,Generation-v,Unova,Trubbish,Garbodor
570,Zorua,Dark,Generation-v,Unova,Zorua,Zoroark
571,Zoroark,Dark,Generation-v,Unova,Zorua,Zoroark
572,Minccino,Normal,Generation-v,Unova,Minccino,Cinccino
573,Cinccino,Normal,Generation-v,Unova,Minccino,Cinccino
574,Gothita,Psychic,Generation-v,Unova,Gothita,"Gothorita, Gothitelle"
575,Gothorita,Psychic,Generation-v,Unova,Gothita,"Gothorita, Gothitelle"
576,Gothitelle,Psychic,Generation-v,Unova,Gothita,"Gothorita, Gothitelle"
577,Solosis,Psychic,Generation-v,Unova,Solosis,"Duosion, Reuniclus"
578,Duosion,Psychic,Generation-v,Unova,Solosis,"Duosion, Reuniclus"
579,Reuniclus,Psychic,Generation-v,Unova,Solosis,"Duosion, Reuniclus"
580,Ducklett,"Water, Flying",Generation-v,Unova,Ducklett,Swanna
581,Swanna,"Water, Flying",Generation-v,Unova,Ducklett,Swanna
582,Vanillite,Ice,Generation-v,Unova,Vanillite,"Vanillish, Vanilluxe"
583,Vanillish,Ice,Generation-v,Unova,Vanillite,"Vanillish, Vanilluxe"
584,Vanilluxe,Ice,Generation-v,Unova,Vanillite,"Vanillish, Vanilluxe"
585,Deerling,"Normal, Grass",Generation-v,Unova,Deerling,Sawsbuck
586,Sawsbuck,"Normal, Grass",Generation-v,Unova,Deerling,Sawsbuck
587,Emolga,"Electric, Flying",Generation-v,Unova,,
588,Karrablast,Bug,Generation-v,Unova,Karrablast,Escavalier
589,Escavalier,"Bug, Steel",Generation-v,Unova,Karrablast,Escavalier
590,Foongus,"Grass, Poison",Generation-v,Unova,Foongus,Amoonguss
591,Amoonguss,"Grass, Poison",Generation-v,Unova,Foongus,Amoonguss
592,Frillish,"Water, Ghost",Generation-v,Unova,Frillish,Jellicent
593,Jellicent,"Water, Ghost",Generation-v,Unova,Frillish,Jellicent
594,Alomomola,Water,Generation-v,Unova,,
595,Joltik,"Bug, Electric",Generation-v,Unova,Joltik,Galvantula
596,Galvantula,"Bug, Electric",Generation-v,Unova,Joltik,Galvantula
597,Ferroseed,"Grass, Steel",Generation-v,Unova,Ferroseed,Ferrothorn
598,Ferrothorn,"Grass, Steel",Generation-v,Unova,Ferroseed,Ferrothorn
599,Klink,Steel,Generation-v,Unova,Klink,"Klang, Klinklang"
600,Klang,Steel,Generation-v,Unova,Klink,"Klang, Klinklang"
601,Klinklang,Steel,Generation-v,Unova,Klink,"Klang, Klinklang"
602,Tynamo,Electric,Generation-v,Unova,Tynamo,"Eelektrik, Eelektross"
603,Eelektrik,Electric,Generation-v,Unova,Tynamo,"Eelektrik, Eelektross"
604,Eelektross,Electric,Generation-v,Unova,Tynamo,"Eelektrik, Eelektross"
605,Elgyem,Psychic,Generation-v,Unova,Elgyem,Beheeyem
606,Beheeyem,Psychic,Generation-v,Unova,Elgyem,Beheeyem
607,Litwick,"Ghost, Fire",Generation-v,Unova,Litwick,"Lampent, Chandelure"
608,Lampent,"Ghost, Fire",Generation-v,Unova,Litwick,"Lampent, Chandelure"
609,Chandelure,"Ghost, Fire",Generation-v,Unova,Litwick,"Lampent, Chandelure"
610,Axew,Dragon,Generation-v,Unova,Axew,"Fraxure, Haxorus"
611,Fraxure,Dragon,Generation-v,Unova,Axew,"Fraxure, Haxorus"
612,Haxorus,Dragon,Generation-v,Unova,Axew,"Fraxure, Haxorus"
613,Cubchoo,Ice,Generation-v,Unova,Cubchoo,Beartic
614,Beartic,Ice,Generation-v,Unova,Cubchoo,Beartic
615,Cryogonal,Ice,Generation-v,Unova,,
616,Shelmet,Bug,Generation-v,Unova,Shelmet,Accelgor
617,Accelgor,Bug,Generation-v,Unova,Shelmet,Accelgor
618,Stunfisk,"Ground, Electric",Generation-v,Unova,,
619,Mienfoo,Fighting,Generation-v,Unova,Mienfoo,Mienshao
620,Mienshao,Fighting,Generation-v,Unova,Mienfoo,Mienshao
621,Druddigon,Dragon,Generation-v,Unova,,
622,Golett,"Ground, Ghost",Generation-v,Unova,Golett,Golurk
623,Golurk,"Ground, Ghost",Generation-v,Unova,Golett,Golurk
624,Pawniard,"Dark, Steel",Generation-v,Unova,Pawniard,"Bisharp, Kingambit"
625,Bisharp,"Dark, Steel",Generation-v,Unova,Pawniard,"Bisharp, Kingambit"
626,Bouffalant,Normal,Generation-v,Unova,,
627,Rufflet,"Normal, Flying",Generation-v,Unova,Rufflet,Braviary
628,Braviary,"Normal, Flying",Generation-v,Unova,Rufflet,Braviary
629,Vullaby,"Dark, Flying",Generation-v,Unova,Vullaby,Mandibuzz
630,Mandibuzz,"Dark, Flying",Generation-v,Unova,Vullaby,Mandibuzz
631,Heatmor,Fire,Generation-v,Unova,,
632,Durant,"Bug, Steel",Generation-v,Unova,,
633,Deino,"Dark, Dragon",Generation-v,Unova,Deino,"Zweilous, Hydreigon"
634,Zweilous,"Dark, Dragon",Generation-v,Unova,Deino,"Zweilous, Hydreigon"
635,Hydreigon,"Dark, Dragon",Generation-v,Unova,Deino,"Zweilous, Hydreigon"
636,Larvesta,"Bug, Fire",Generation-v,Unova,Larvesta,Volcarona
637,Volcarona,"Bug, Fire",Generation-v,Unova,Larvesta,Volcarona
638,Cobalion,"Steel, Fighting",Generation-v,Unova,,
639,Terrakion,"Rock, Fighting",Generation-v,Unova,,
640,Virizion,"Grass, Fighting",Generation-v,Unova,,
641,Tornadus-incarnate,Flying,Generation-v,Unova,,
642,Thundurus-incarnate,"Electric, Flying",Generation-v,Unova,,
643,Reshiram,"Dragon, Fire",Generation-v,Unova,,
644,Zekrom,"Dragon, Electric",Generation-v,Unova,,
645,Landorus-incarnate,"Ground, Flying",Generation-v,Unova,,
646,Kyurem,"Dragon, Ice",Generation-v,Unova,,
647,Keldeo-ordinary,"Water, Fighting",Generation-v,Unova,,
648,Meloetta-aria,"Normal, Psychic",Generation-v,Unova,,
649,Genesect,"Bug, Steel",Generation-v,Unova,,
650,Chespin,Grass,Generation-vi,Kalos,Chespin,"Quilladin, Chesnaught"
651,Quilladin,Grass,Generation-vi,Kalos,Chespin,"Quilladin, Chesnaught"
652,Chesnaught,"Grass, Fighting",Generation-vi,Kalos,Chespin,"Quilladin, Chesnaught"
653,Fennekin,Fire,Generation-vi,Kalos,Fennekin,"Braixen, Delphox"
654,Braixen,Fire,Generation-vi,Kalos,Fennekin,"Braixen, Delphox"
655,Delphox,"Fire, Psychic",Generation-vi,Kalos,Fennekin,"Braixen, Delphox"
656,Froakie,Water,Generation-vi,Kalos,Froakie,"Frogadier, Greninja"
657,Frogadier,Water,Generation-vi,Kalos,Froakie,"Frogadier, Greninja"
658,Greninja,"Water, Dark",Generation-vi,Kalos,Froakie,"Frogadier, Greninja"
659,Bunnelby,Normal,Generation-vi,Kalos,Bunnelby,Diggersby
660,Diggersby,"Normal, Ground",Generation-vi,Kalos,Bunnelby,Diggersby
661,Fletchling,"Normal, Flying",Generation-vi,Kalos,Fletchling,"Fletchinder, Talonflame"
662,Fletchinder,"Fire, Flying",Generation-vi,Kalos,Fletchling,"Fletchinder, Talonflame"
663,Talonflame,"Fire, Flying",Generation-vi,Kalos,Fletchling,"Fletchinder, Talonflame"
664,Scatterbug,Bug,Generation-vi,Kalos,Scatterbug,"Spewpa, Vivillon"
665,Spewpa,Bug,Generation-vi,Kalos,Scatterbug,"Spewpa, Vivillon"
666,Vivillon,"Bug, Flying",Generation-vi,Kalos,Scatterbug,"Spewpa, Vivillon"
667,Litleo,"Fire, Normal",Generation-vi,Kalos,Litleo,Pyroar
668,Pyroar,"Fire, Normal",Generation-vi,Kalos,Litleo,Pyroar
669,Flabebe,Fairy,Generation-vi,Kalos,Flabebe,"Floette, Florges"
670,Floette,Fairy,Generation-vi,Kalos,Flabebe,"Floette, Florges"
671,Florges,Fairy,Generation-vi,Kalos,Flabebe,"Floette, Florges"
672,Skiddo,Grass,Generation-vi,Kalos,Skiddo,Gogoat
673,Gogoat,Grass,Generation-vi,Kalos,Skiddo,Gogoat
674,Pancham,Fighting,Generation-vi,Kalos,Pancham,Pangoro
675,Pangoro,"Fighting, Dark",Generation-vi,Kalos,Pancham,Pangoro
676,Furfrou,Normal,Generation-vi,Kalos,,
677,Espurr,Psychic,Generation-vi,Kalos,Espurr,Meowstic
678,Meowstic-male,Psychic,Generation-vi,Kalos,Espurr,Meowstic
679,Honedge,"Steel, Ghost",Generation-vi,Kalos,Honedge,"Doublade, Aegislash"
680,Doublade,"Steel, Ghost",Generation-vi,Kalos,Honedge,"Doublade, Aegislash"
681,Aegislash-shield,"Steel, Ghost",Generation-vi,Kalos,Honedge,"Doublade, Aegislash"
682,Spritzee,Fairy,Generation-vi,Kalos,Spritzee,Aromatisse
683,Aromatisse,Fairy,Generation-vi,Kalos,Spritzee,Aromatisse
684,Swirlix,Fairy,Generation-vi,Kalos,Swirlix,Slurpuff
685,Slurpuff,Fairy,Generation-vi,Kalos,Swirlix,Slurpuff
686,Inkay,"Dark, Psychic",Generation-vi,Kalos,Inkay,Malamar
687,Malamar,"Dark, Psychic",Generation-vi,Kalos,Inkay,Malamar
688,Binacle,"Rock, Water",Generation-vi,Kalos,Binacle,Barbaracle
689,Barbaracle,"Rock, Water",Generation-vi,Kalos,Binacle,Barbaracle
690,Skrelp,"Poison, Water",Generation-vi,Kalos,Skrelp,Dragalge
691,Dragalge,"Poison, Dragon",Generation-vi,Kalos,Skrelp,Dragalge
692,Clauncher,Water,Generation-vi,Kalos,Clauncher,Clawitzer
693,Clawitzer,Water,Generation-vi,Kalos,Clauncher,Clawitzer
694,Helioptile,"Electric, Normal",Generation-vi,Kalos,Helioptile,Heliolisk
695,Heliolisk,"Electric, Normal",Generation-vi,Kalos,Helioptile,Heliolisk
696,Tyrunt,"Rock, Dragon",Generation-vi,Kalos,Tyrunt,Tyrantrum
697,Tyrantrum,"Rock, Dragon",Generation-vi,Kalos,Tyrunt,Tyrantrum
698,Amaura,"Rock, Ice",Generation-vi,Kalos,Amaura,Aurorus
699,Aurorus,"Rock, Ice",Generation-vi,Kalos,Amaura,Aurorus
700,Sylveon,Fairy,Generation-vi,Kalos,Eevee,Vaporeon
701,Hawlucha,"Fighting, Flying",Generation-vi,Kalos,,
702,Dedenne,"Electric, Fairy",Generation-vi,Kalos,,
703,Carbink,"Rock, Fairy",Generation-vi,Kalos,,
704,Goomy,Dragon,Generation-vi,Kalos,Goomy,"Sliggoo, Goodra"
705,Sliggoo,Dragon,Generation-vi,Kalos,Goomy,"Sliggoo, Goodra"
706,Goodra,Dragon,Generation-vi,Kalos,Goomy,"Sliggoo, Goodra"
707,Klefki,"Steel, Fairy",Generation-vi,Kalos,,
708,Phantump,"Ghost, Grass",Generation-vi,Kalos,Phantump,Trevenant
709,Trevenant,"Ghost, Grass",Generation-vi,Kalos,Phantump,Trevenant
710,Pumpkaboo-average,"Ghost, Grass",Generation-vi,Kalos,Pumpkaboo,Gourgeist
711,Gourgeist-average,"Ghost, Grass",Generation-vi,Kalos,Pumpkaboo,Gourgeist
712,Bergmite,Ice,Generation-vi,Kalos,Bergmite,Avalugg
713,Avalugg,Ice,Generation-vi,Kalos,Bergmite,Avalugg
714,Noibat,"Flying, Dragon",Generation-vi,Kalos,Noibat,Noivern
715,Noivern,"Flying, Dragon",Generation-vi,Kalos,Noibat,Noivern
716,Xerneas,Fairy,Generation-vi,Kalos,,
717,Yveltal,"Dark, Flying",Generation-vi,Kalos,,
718,Zygarde-50,"Dragon, Ground",Generation-vi,Kalos,,
719,Diancie,"Rock, Fairy",Generation-vi,Kalos,,
720,Hoopa,"Psychic, Ghost",Generation-vi,Kalos,,
721,Volcanion,"Fire, Water",Generation-vi,Kalos,,
722,Rowlet,"Grass, Flying",Generation-vii,Alola,Rowlet,"Dartrix, Decidueye"
723,Dartrix,"Grass, Flying",Generation-vii,Alola,Rowlet,"Dartrix, Decidueye"
724,Decidueye,"Grass, Ghost",Generation-vii,Alola,Rowlet,"Dartrix, Decidueye"
725,Litten,Fire,Generation-vii,Alola,Litten,"Torracat, Incineroar"
726,Torracat,Fire,Generation-vii,Alola,Litten,"Torracat, Incineroar"
727,Incineroar,"Fire, Dark",Generation-vii,Alola,Litten,"Torracat, Incineroar"
728,Popplio,Water,Generation-vii,Alola,Popplio,"Brionne, Primarina"
729,Brionne,Water,Generation-vii,Alola,Popplio,"Brionne, Primarina"
730,Primarina,"Water, Fairy",Generation-vii,Alola,Popplio,"Brionne, Primarina"
731,Pikipek,"Normal, Flying",Generation-vii,Alola,Pikipek,"Trumbeak, Toucannon"
732,Trumbeak,"Normal, Flying",Generation-vii,Alola,Pikipek,"Trumbeak, Toucannon"
733,Toucannon,"Normal, Flying",Generation-vii,Alola,Pikipek,"Trumbeak, Toucannon"
734,Yungoos,Normal,Generation-vii,Alola,Yungoos,Gumshoos
735,Gumshoos,Normal,Generation-vii,Alola,Yungoos,Gumshoos
736,Grubbin,Bug,Generation-vii,Alola,Grubbin,"Charjabug, Vikavolt"
737,Charjabug,"Bug, Electric",Generation-vii,Alola,Grubbin,"Charjabug, Vikavolt"
738,Vikavolt,"Bug, Electric",Generation-vii,Alola,Grubbin,"Charjabug, Vikavolt"
739,Crabrawler,Fighting,Generation-vii,Alola,Crabrawler,Crabominable
740,Crabominable,"Fighting, Ice",Generation-vii,Alola,Crabrawler,Crabominable
741,Oricorio-baile,"Fire, Flying",Generation-vii,Alola,,
742,Cutiefly,"Bug, Fairy",Generation-vii,Alola,Cutiefly,Ribombee
743,Ribombee,"Bug, Fairy",Generation-vii,Alola,Cutiefly,Ribombee
744,Rockruff,Rock,Generation-vii,Alola,Rockruff,Lycanroc
745,Lycanroc-midday,Rock,Generation-vii,Alola,Rockruff,Lycanroc
746,Wishiwashi-solo,Water,Generation-vii,Alola,,
747,Mareanie,"Poison, Water",Generation-vii,Alola,Mareanie,Toxapex
748,Toxapex,"Poison, Water",Generation-vii,Alola,Mareanie,Toxapex
749,Mudbray,Ground,Generation-vii,Alola,Mudbray,Mudsdale
750,Mudsdale,Ground,Generation-vii,Alola,Mudbray,Mudsdale
751,Dewpider,"Water, Bug",Generation-vii,Alola,Dewpider,Araquanid
752,Araquanid,"Water, Bug",Generation-vii,Alola,Dewpider,Araquanid
753,Fomantis,Grass,Generation-vii,Alola,Fomantis,Lurantis
754,Lurantis,Grass,Generation-vii,Alola,Fomantis,Lurantis
755,Morelull,"Grass, Fairy",Generation-vii,Alola,Morelull,Shiinotic
756,Shiinotic,"Grass, Fairy",Generation-vii,Alola,Morelull,Shiinotic
757,Salandit,"Poison, Fire",Generation-vii,Alola,Salandit,Salazzle
758,Salazzle,"Poison, Fire",Generation-vii,Alola,Salandit,Salazzle
759,Stufful,"Normal, Fighting",Generation-vii,Alola,Stufful,Bewear
760,Bewear,"Normal, Fighting",Generation-vii,Alola,Stufful,Bewear
761,Bounsweet,Grass,Generation-vii,Alola,Bounsweet,"Steenee, Tsareena"
762,Steenee,Grass,Generation-vii,Alola,Bounsweet,"Steenee, Tsareena"
763,Tsareena,Grass,Generation-vii,Alola,Bounsweet,"Steenee, Tsareena"
764,Comfey,Fairy,Generation-vii,Alola,,
765,Oranguru,"Normal, Psychic",Generation-vii,Alola,,
766,Passimian,Fighting,Generation-vii,Alola,,
767,Wimpod,"Bug, Water",Generation-vii,Alola,Wimpod,Golisopod
768,Golisopod,"Bug, Water",Generation-vii,Alola,Wimpod,Golisopod
769,Sandygast,"Ghost, Ground",Generation-vii,Alola,Sandygast,Palossand
770,Palossand,"Ghost, Ground",Generation-vii,Alola,Sandygast,Palossand
771,Pyukumuku,Water,Generation-vii,Alola,,
772,Type-null,Normal,Generation-vii,Alola,Type-null,Silvally
773,Silvally,Normal,Generation-vii,Alola,Type-null,Silvally
774,Minior-red-meteor,"Rock, Flying",Generation-vii,Alola,,
775,Komala,Normal,Generation-vii,Alola,,
776,Turtonator,"Fire, Dragon",Generation-vii,Alola,,
777,Togedemaru,"Electric, Steel",Generation-vii,Alola,,
778,Mimikyu-disguised,"Ghost, Fairy",Generation-vii,Alola,,
779,Bruxish,"Water, Psychic",Generation-vii,Alola,,
780,Drampa,"Normal, Dragon",Generation-vii,Alola,,
781,Dhelmise,"Ghost, Grass",Generation-vii,Alola,,
782,Jangmo-o,Dragon,Generation-vii,Alola,Jangmo-o,"Hakamo-o, Kommo-o"
783,Hakamo-o,"Dragon, Fighting",Generation-vii,Alola,Jangmo-o,"Hakamo-o, Kommo-o"
784,Kommo-o,"Dragon, Fighting",Generation-vii,Alola,Jangmo-o,"Hakamo-o, Kommo-o"
785,Tapu-koko,"Electric, Fairy",Generation-vii,Alola,,
786,Tapu-lele,"Psychic, Fairy",Generation-vii,Alola,,
787,Tapu-bulu,"Grass, Fairy",Generation-vii,Alola,,
788,Tapu-fini,"Water, Fairy",Generation-vii,Alola,,
789,Cosmog,Psychic,Generation-vii,Alola,Cosmog,"Cosmoem, Solgaleo"
790,Cosmoem,Psychic,Generation-vii,Alola,Cosmog,"Cosmoem, Solgaleo"
791,Solgaleo,"Psychic, Steel",Generation-vii,Alola,Cosmog,"Cosmoem, Solgaleo"
792,Lunala,"Psychic, Ghost",Generation-vii,Alola,Cosmog,"Cosmoem, Solgaleo"
793,Nihilego,"Rock, Poison",Generation-vii,Alola,,
794,Buzzwole,"Bug, Fighting",Generation-vii,Alola,,
795,Pheromosa,"Bug, Fighting",Generation-vii,Alola,,
796,Xurkitree,Electric,Generation-vii,Alola,,
797,Celesteela,"Steel, Flying",Generation-vii,Alola,,
798,Kartana,"Grass, Steel",Generation-vii,Alola,,
799,Guzzlord,"Dark, Dragon",Generation-vii,Alola,,
800,Necrozma,Psychic,Generation-vii,Alola,,
801,Magearna,"Steel, Fairy",Generation-vii,Alola,,
802,Marshadow,"Fighting, Ghost",Generation-vii,Alola,,
803,Poipole,Poison,Generation-vii,Alola,Poipole,Naganadel
804,Naganadel,"Poison, Dragon",Generation-vii,Alola,Poipole,Naganadel
805,Stakataka,"Rock, Steel",Generation-vii,Alola,,
806,Blacephalon,"Fire, Ghost",Generation-vii,Alola,,
807,Zeraora,Electric,Generation-vii,Alola,,
808,Meltan,Steel,Generation-vii,Alola,,
809,Melmetal,Steel,Generation-vii,Alola,,
810,Grookey,Grass,Generation-viii,Galar,Grookey,"Thwackey, Rillaboom"
811,Thwackey,Grass,Generation-viii,Galar,Grookey,"Thwackey, Rillaboom"
812,Rillaboom,Grass,Generation-viii,Galar,Grookey,"Thwackey, Rillaboom"
813,Scorbunny,Fire,Generation-viii,Galar,Scorbunny,"Raboot, Cinderace"
814,Raboot,Fire,Generation-viii,Galar,Scorbunny,"Raboot, Cinderace"
815,Cinderace,Fire,Generation-viii,Galar,Scorbunny,"Raboot, Cinderace"
816,Sobble,Water,Generation-viii,Galar,Sobble,"Drizzile, Inteleon"
817,Drizzile,Water,Generation-viii,Galar,Sobble,"Drizzile, Inteleon"
818,Inteleon,Water,Generation-viii,Galar,Sobble,"Drizzile, Inteleon"
819,Skwovet,Normal,Generation-viii,Galar,Skwovet,Greedent
820,Greedent,Normal,Generation-viii,Galar,Skwovet,Greedent
821,Rookidee,Flying,Generation-viii,Galar,Rookidee,"Corvisquire, Corviknight"
822,Corvisquire,Flying,Generation-viii,Galar,Rookidee,"Corvisquire, Corviknight"
823,Corviknight,"Flying, Steel",Generation-viii,Galar,Rookidee,"Corvisquire, Corviknight"
824,Blipbug,Bug,Generation-viii,Galar,Blipbug,"Dottler, Orbeetle"
825,Dottler,"Bug, Psychic",Generation-viii,Galar,Blipbug,"Dottler, Orbeetle"
826,Orbeetle,"Bug, Psychic",Generation-viii,Galar,Blipbug,"Dottler, Orbeetle"
827,Nickit,Dark,Generation-viii,Galar,Nickit,Thievul
828,Thievul,Dark,Generation-viii,Galar,Nickit,Thievul
829,Gossifleur,Grass,Generation-viii,Galar,Gossifleur,Eldegoss
830,Eldegoss,Grass,Generation-viii,Galar,Gossifleur,Eldegoss
831,Wooloo,Normal,Generation-viii,Galar,Wooloo,Dubwool
832,Dubwool,Normal,Generation-viii,Galar,Wooloo,Dubwool
833,Chewtle,Water,Generation-viii,Galar,Chewtle,Drednaw
834,Drednaw,"Water, Rock",Generation-viii,Galar,Chewtle,Drednaw
835,Yamper,Electric,Generation-viii,Galar,Yamper,Boltund
836,Boltund,Electric,Generation-viii,Galar,Yamper,Boltund
837,Rolycoly,Rock,Generation-viii,Galar,Rolycoly,"Carkol, Coalossal"
838,Carkol,"Rock, Fire",Generation-viii,Galar,Rolycoly,"Carkol, Coalossal"
839,Coalossal,"Rock, Fire",Generation-viii,Galar,Rolycoly,"Carkol, Coalossal"
840,Applin,"Grass, Dragon",Generation-viii,Galar,Applin,Flapple
841,Flapple,"Grass, Dragon",Generation-viii,Galar,Applin,Flapple
842,Appletun,"Grass, Dragon",Generation-viii,Galar,Applin,Flapple
843,Silicobra,Ground,Generation-viii,Galar,Silicobra,Sandaconda
844,Sandaconda,Ground,Generation-viii,Galar,Silicobra,Sandaconda
845,Cramorant,"Flying, Water",Generation-viii,Galar,,
846,Arrokuda,Water,Generation-viii,Galar,Arrokuda,Barraskewda
847,Barraskewda,Water,Generation-viii,Galar,Arrokuda,Barraskewda
848,Toxel,"Electric, Poison",Generation-viii,Galar,Toxel,Toxtricity
849,Toxtricity-amped,"Electric, Poison",Generation-viii,Galar,Toxel,Toxtricity
850,Sizzlipede,"Fire, Bug",Generation-viii,Galar,Sizzlipede,Centiskorch
851,Centiskorch,"Fire, Bug",Generation-viii,Galar,Sizzlipede,Centiskorch
852,Clobbopus,Fighting,Generation-viii,Galar,Clobbopus,Grapploct
853,Grapploct,Fighting,Generation-viii,Galar,Clobbopus,Grapploct
854,Sinistea,Ghost,Generation-viii,Galar,Sinistea,Polteageist
855,Polteageist,Ghost,Generation-viii,Galar,Sinistea,Polteageist
856,Hatenna,Psychic,Generation-viii,Galar,Hatenna,"Hattrem, Hatterene"
857,Hattrem,Psychic,Generation-viii,Galar,Hatenna,"Hattrem, Hatterene"
858,Hatterene,"Psychic, Fairy",Generation-viii,Galar,Hatenna,"Hattrem, Hatterene"
859,Impidimp,"Dark, Fairy",Generation-viii,Galar,Impidimp,"Morgrem, Grimmsnarl"
860,Morgrem,"Dark, Fairy",Generation-viii,Galar,Impidimp,"Morgrem, Grimmsnarl"
861,Grimmsnarl,"Dark, Fairy",Generation-viii,Galar,Impidimp,"Morgrem, Grimmsnarl"
862,Obstagoon,"Dark, Normal",Generation-viii,Galar,Zigzagoon,"Linoone, Obstagoon"
863,Perrserker,Steel,Generation-viii,Galar,Meowth,Persian
864,Cursola,Ghost,Generation-viii,Galar,Corsola,Cursola
865,Sirfetchd,Fighting,Generation-viii,Galar,Farfetchd,Sirfetchd
866,Mr-rime,"Ice, Psychic",Generation-viii,Galar,Mime-jr,"Mr-mime, Mr-rime"
867,Runerigus,"Ground, Ghost",Generation-viii,Galar,Yamask,Cofagrigus
868,Milcery,Fairy,Generation-viii,Galar,Milcery,Alcremie
869,Alcremie,Fairy,Generation-viii,Galar,Milcery,Alcremie
870,Falinks,Fighting,Generation-viii,Galar,,
871,Pincurchin,Electric,Generation-viii,Galar,,
872,Snom,"Ice, Bug",Generation-viii,Galar,Snom,Frosmoth
873,Frosmoth,"Ice, Bug",Generation-viii,Galar,Snom,Frosmoth
874,Stonjourner,Rock,Generation-viii,Galar,,
875,Eiscue-ice,Ice,Generation-viii,Galar,,
876,Indeedee-male,"Psychic, Normal",Generation-viii,Galar,,
877,Morpeko-full-belly,"Electric, Dark",Generation-viii,Galar,,
878,Cufant,Steel,Generation-viii,Galar,Cufant,Copperajah
879,Copperajah,Steel,Generation-viii,Galar,Cufant,Copperajah
880,Dracozolt,"Electric, Dragon",Generation-viii,Galar,,
881,Arctozolt,"Electric, Ice",Generation-viii,Galar,,
882,Dracovish,"Water, Dragon",Generation-viii,Galar,,
883,Arctovish,"Water, Ice",Generation-viii,Galar,,
884,Duraludon,"Steel, Dragon",Generation-viii,Galar,Duraludon,Archaludon
885,Dreepy,"Dragon, Ghost",Generation-viii,Galar,Dreepy,"Drakloak, Dragapult"
886,Drakloak,"Dragon, Ghost",Generation-viii,Galar,Dreepy,"Drakloak, Dragapult"
887,Dragapult,"Dragon, Ghost",Generation-viii,Galar,Dreepy,"Drakloak, Dragapult"
888,Zacian,Fairy,Generation-viii,Galar,,
889,Zamazenta,Fighting,Generation-viii,Galar,,
890,Eternatus,"Poison, Dragon",Generation-viii,Galar,,
891,Kubfu,Fighting,Generation-viii,Galar,Kubfu,Urshifu
892,Urshifu-single-strike,"Fighting, Dark",Generation-viii,Galar,Kubfu,Urshifu
893,Zarude,"Dark, Grass",Generation-viii,Galar,,
894,Regieleki,Electric,Generation-viii,Galar,,
895,Regidrago,Dragon,Generation-viii,Galar,,
896,Glastrier,Ice,Generation-viii,Galar,,
897,Spectrier,Ghost,Generation-viii,Galar,,
898,Calyrex,"Psychic, Grass",Generation-viii,Galar,,
899,Wyrdeer,"Normal, Psychic",Generation-viii,Galar,Stantler,Wyrdeer
900,Kleavor,"Bug, Rock",Generation-viii,Galar,Scyther,Scizor
901,Ursaluna,"Ground, Normal",Generation-viii,Galar,Teddiursa,"Ursaring, Ursaluna"
902,Basculegion-male,"Water, Ghost",Generation-viii,Galar,Basculin,Basculegion
903,Sneasler,"Fighting, Poison",Generation-viii,Galar,Sneasel,Weavile
904,Overqwil,"Dark, Poison",Generation-viii,Galar,Qwilfish,Overqwil
905,Enamorus-incarnate,"Fairy, Flying",Generation-viii,Galar,,
906,Sprigatito,Grass,Generation-ix,Paldea,Sprigatito,"Floragato, Meowscarada"
907,Floragato,Grass,Generation-ix,Paldea,Sprigatito,"Floragato, Meowscarada"
908,Meowscarada,"Grass, Dark",Generation-ix,Paldea,Sprigatito,"Floragato, Meowscarada"
909,Fuecoco,Fire,Generation-ix,Paldea,Fuecoco,"Crocalor, Skeledirge"
910,Crocalor,Fire,Generation-ix,Paldea,Fuecoco,"Crocalor, Skeledirge"
911,Skeledirge,"Fire, Ghost",Generation-ix,Paldea,Fuecoco,"Crocalor, Skeledirge"
912,Quaxly,Water,Generation-ix,Paldea,Quaxly,"Quaxwell, Quaquaval"
913,Quaxwell,Water,Generation-ix,Paldea,Quaxly,"Quaxwell, Quaquaval"
914,Quaquaval,"Water, Fighting",Generation-ix,Paldea,Quaxly,"Quaxwell, Quaquaval"
915,Lechonk,Normal,Generation-ix,Paldea,Lechonk,Oinkologne
916,Oinkologne-male,Normal,Generation-ix,Paldea,Lechonk,Oinkologne
917,Tarountula,Bug,Generation-ix,Paldea,Tarountula,Spidops
918,Spidops,Bug,Generation-ix,Paldea,Tarountula,Spidops
919,Nymble,Bug,Generation-ix,Paldea,Nymble,Lokix
920,Lokix,"Bug, Dark",Generation-ix,Paldea,Nymble,Lokix
921,Pawmi,Electric,Generation-ix,Paldea,Pawmi,"Pawmo, Pawmot"
922,Pawmo,"Electric, Fighting",Generation-ix,Paldea,Pawmi,"Pawmo, Pawmot"
923,Pawmot,"Electric, Fighting",Generation-ix,Paldea,Pawmi,"Pawmo, Pawmot"
924,Tandemaus,Normal,Generation-ix,Paldea,Tandemaus,Maushold
925,Maushold-family-of-four,Normal,Generation-ix,Paldea,Tandemaus,Maushold
926,Fidough,Fairy,Generation-ix,Paldea,Fidough,Dachsbun
927,Dachsbun,Fairy,Generation-ix,Paldea,Fidough,Dachsbun
928,Smoliv,"Grass, Normal",Generation-ix,Paldea,Smoliv,"Dolliv, Arboliva"
929,Dolliv,"Grass, Normal",Generation-ix,Paldea,Smoliv,"Dolliv, Arboliva"
930,Arboliva,"Grass, Normal",Generation-ix,Paldea,Smoliv,"Dolliv, Arboliva"
931,Squawkabilly-green-plumage,"Normal, Flying",Generation-ix,Paldea,,
932,Nacli,Rock,Generation-ix,Paldea,Nacli,"Naclstack, Garganacl"
933,Naclstack,Rock,Generation-ix,Paldea,Nacli,"Naclstack, Garganacl"
934,Garganacl,Rock,Generation-ix,Paldea,Nacli,"Naclstack, Garganacl"
935,Charcadet,Fire,Generation-ix,Paldea,Charcadet,Armarouge
936,Armarouge,"Fire, Psychic",Generation-ix,Paldea,Charcadet,Armarouge
937,Ceruledge,"Fire, Ghost",Generation-ix,Paldea,Charcadet,Armarouge
938,Tadbulb,Electric,Generation-ix,Paldea,Tadbulb,Bellibolt
939,Bellibolt,Electric,Generation-ix,Paldea,Tadbulb,Bellibolt
940,Wattrel,"Electric, Flying",Generation-ix,Paldea,Wattrel,Kilowattrel
941,Kilowattrel,"Electric, Flying",Generation-ix,Paldea,Wattrel,Kilowattrel
942,Maschiff,Dark,Generation-ix,Paldea,Maschiff,Mabosstiff
943,Mabosstiff,Dark,Generation-ix,Paldea,Maschiff,Mabosstiff
944,Shroodle,"Poison, Normal",Generation-ix,Paldea,Shroodle,Grafaiai
945,Grafaiai,"Poison, Normal",Generation-ix,Paldea,Shroodle,Grafaiai
946,Bramblin,"Grass, Ghost",Generation-ix,Paldea,Bramblin,Brambleghast
947,Brambleghast,"Grass, Ghost",Generation-ix,Paldea,Bramblin,Brambleghast
948,Toedscool,"Ground, Grass",Generation-ix,Paldea,Toedscool,Toedscruel
949,Toedscruel,"Ground, Grass",Generation-ix,Paldea,Toedscool,Toedscruel
950,Klawf,Rock,Generation-ix,Paldea,,
951,Capsakid,Grass,Generation-ix,Paldea,Capsakid,Scovillain
952,Scovillain,"Grass, Fire",Generation-ix,Paldea,Capsakid,Scovillain
953,Rellor,Bug,Generation-ix,Paldea,Rellor,Rabsca
954,Rabsca,"Bug, Psychic",Generation-ix,Paldea,Rellor,Rabsca
955,Flittle,Psychic,Generation-ix,Paldea,Flittle,Espathra
956,Espathra,Psychic,Generation-ix,Paldea,Flittle,Espathra
957,Tinkatink,"Fairy, Steel",Generation-ix,Paldea,Tinkatink,"Tinkatuff, Tinkaton"
958,Tinkatuff,"Fairy, Steel",Generation-ix,Paldea,Tinkatink,"Tinkatuff, Tinkaton"
959,Tinkaton,"Fairy, Steel",Generation-ix,Paldea,Tinkatink,"Tinkatuff, Tinkaton"
960,Wiglett,Water,Generation-ix,Paldea,Wiglett,Wugtrio
961,Wugtrio,Water,Generation-ix,Paldea,Wiglett,Wugtrio
962,Bombirdier,"Flying, Dark",Generation-ix,Paldea,,
963,Finizen,Water,Generation-ix,Paldea,Finizen,Palafin
964,Palafin-zero,Water,Generation-ix,Paldea,Finizen,Palafin
965,Varoom,"Steel, Poison",Generation-ix,Paldea,Varoom,Revavroom
966,Revavroom,"Steel, Poison",Generation-ix,Paldea,Varoom,Revavroom
967,Cyclizar,"Dragon, Normal",Generation-ix,Paldea,,
968,Orthworm,Steel,Generation-ix,Paldea,,
969,Glimmet,"Rock, Poison",Generation-ix,Paldea,Glimmet,Glimmora
970,Glimmora,"Rock, Poison",Generation-ix,Paldea,Glimmet,Glimmora
971,Greavard,Ghost,Generation-ix,Paldea,Greavard,Houndstone
972,Houndstone,Ghost,Generation-ix,Paldea,Greavard,Houndstone
973,Flamigo,"Flying, Fighting",Generation-ix,Paldea,,
974,Cetoddle,Ice,Generation-ix,Paldea,Cetoddle,Cetitan
975,Cetitan,Ice,Generation-ix,Paldea,Cetoddle,Cetitan
976,Veluza,"Water, Psychic",Generation-ix,Paldea,,
977,Dondozo,Water,Generation-ix,Paldea,,
978,Tatsugiri-curly,"Dragon, Water",Generation-ix,Paldea,,
979,Annihilape,"Fighting, Ghost",Generation-ix,Paldea,Mankey,"Primeape, Annihilape"
980,Clodsire,"Poison, Ground",Generation-ix,Paldea,Wooper,Quagsire
981,Farigiraf,"Normal, Psychic",Generation-ix,Paldea,Girafarig,Farigiraf
982,Dudunsparce-two-segment,Normal,Generation-ix,Paldea,Dunsparce,Dudunsparce
983,Kingambit,"Dark, Steel",Generation-ix,Paldea,Pawniard,"Bisharp, Kingambit"
984,Great-tusk,"Ground, Fighting",Generation-ix,Paldea,,
985,Scream-tail,"Fairy, Psychic",Generation-ix,Paldea,,
986,Brute-bonnet,"Grass, Dark",Generation-ix,Paldea,,
987,Flutter-mane,"Ghost, Fairy",Generation-ix,Paldea,,
988,Slither-wing,"Bug, Fighting",Generation-ix,Paldea,,
989,Sandy-shocks,"Electric, Ground",Generation-ix,Paldea,,
990,Iron-treads,"Ground, Steel",Generation-ix,Paldea,,
991,Iron-bundle,"Ice, Water",Generation-ix,Paldea,,
992,Iron-hands,"Fighting, Electric",Generation-ix,Paldea,,
993,Iron-jugulis,"Dark, Flying",Generation-ix,Paldea,,
994,Iron-moth,"Fire, Poison",Generation-ix,Paldea,,
995,Iron-thorns,"Rock, Electric",Generation-ix,Paldea,,
996,Frigibax,"Dragon, Ice",Generation-ix,Paldea,Frigibax,"Arctibax, Baxcalibur"
997,Arctibax,"Dragon, Ice",Generation-ix,Paldea,Frigibax,"Arctibax, Baxcalibur"
998,Baxcalibur,"Dragon, Ice",Generation-ix,Paldea,Frigibax,"Arctibax, Baxcalibur"
999,Gimmighoul,Ghost,Generation-ix,Paldea,Gimmighoul,Gholdengo
1000,Gholdengo,"Steel, Ghost",Generation-ix,Paldea,Gimmighoul,Gholdengo
1001,Wo-chien,"Dark, Grass",Generation-ix,Paldea,,
1002,Chien-pao,"Dark, Ice",Generation-ix,Paldea,,
1003,Ting-lu,"Dark, Ground",Generation-ix,Paldea,,
1004,Chi-yu,"Dark, Fire",Generation-ix,Paldea,,
1005,Roaring-moon,"Dragon, Dark",Generation-ix,Paldea,,
1006,Iron-valiant,"Fairy, Fighting",Generation-ix,Paldea,,
1007,Koraidon,"Fighting, Dragon",Generation-ix,Paldea,,
1008,Miraidon,"Electric, Dragon",Generation-ix,Paldea,,
1009,Walking-wake,"Water, Dragon",Generation-ix,Paldea,,
1010,Iron-leaves,"Grass, Psychic",Generation-ix,Paldea,,
1011,Dipplin,"Grass, Dragon",Generation-ix,Paldea,Applin,Flapple
1012,Poltchageist,"Grass, Ghost",Generation-ix,Paldea,Poltchageist,Sinistcha
1013,Sinistcha,"Grass, Ghost",Generation-ix,Paldea,Poltchageist,Sinistcha
1014,Okidogi,"Poison, Fighting",Generation-ix,Paldea,,
1015,Munkidori,"Poison, Psychic",Generation-ix,Paldea,,
1016,Fezandipiti,"Poison, Fairy",Generation-ix,Paldea,,
1017,Ogerpon,Grass,Generation-ix,Paldea,,
1018,Archaludon,"Steel, Dragon",Generation-ix,Paldea,Duraludon,Archaludon
1019,Hydrapple,"Grass, Dragon",Generation-ix,Paldea,Applin,Flapple
1020,Gouging-fire,"Fire, Dragon",Generation-ix,Paldea,,
1021,Raging-bolt,"Electric, Dragon",Generation-ix,Paldea,,
1022,Iron-boulder,"Rock, Psychic",Generation-ix,Paldea,,
1023,Iron-crown,"Steel, Psychic",Generation-ix,Paldea,,
1024,Terapagos,Normal,Generation-ix,Paldea,,
1025,Pecharunt,"Poison, Ghost",Generation-ix,Paldea,,